Custom,,,,
First Name,Last Name,Email,Show In,Message
Edmund,,,0:00:00,Heiiiiiaaaa!!!
Torunc,,,0:00:00,Hei!
Maiken,Lund,,0:00:00,"Hei! Nå er vi straks live, er du klar? Ha med penn og papir til Ryggtesten!"
Solbjørg,Eikeset,,0:00:00,Hei!
Ola,,,0:00:00,Hei
Solbjørg,Eikeset,,0:00:00,Hei!
Asbjørn,Emil Johansen,,0:00:00,Hei
Turi,Budeng,,0:00:00,Hei
Marit,,,0:00:00,Hei
solveig,,,0:00:00,Hei
linnmarie,,,0:00:00,Hei Maiken! Gleder meg 🙂
Irene,,,0:00:00,Hei!
Lisbeth,,,0:00:08,heisann 😍
Sissel,Tomt,,0:00:11,Hei fra Sissel
linnmarie,,,0:00:29,Ser og hører
Siri,Fosselie,,0:00:32,Fin lyd
Ursula,Korpik,,0:00:34,hei fra Oslo ❤️ hører
Iren,Kristin Kjersem Olsen,,0:00:37,👍
solveig,,,0:00:41,👍
Anne-Marie,,,0:00:41,hei
Anita,,,0:00:47,Fin lyd
Irene,,,0:00:51,😊
Karin,,,0:00:59,Hei fr Karin🥰
Gjest,,,0:01:12,Hei
linnmarie,,,0:01:35,Ser den
Gjest,,,0:01:53,"Ser deg,"
Aud,,,0:02:25,Aud Kleiven er her
marit,,,0:03:13,jeg plages av isjias-smerter-Marit
Siri,Fosselie,,0:05:37,Har spinal stenose og artrose i korsrygg
Unni,B. Wivestad,,0:05:49,76 år
Randi,Gabrielsen,,0:06:08,"er operert for spinal stenose, ble bedre I beina, men ryggen ble ille."
Solbjørg,Eikeset,,0:06:09,Jeg vil trene for å forebygge ryggsmerter
Bjarne,Berg,,0:06:13,"Stiv i rykkem på morgenen, går vekk utover dagen."
oddin,,,0:06:25,Tidvis isjas smerter og konstant stiv i korsryggen
kjell,inge,,0:06:26,79 år - tung rygg idag
Tove,Skjølseth,,0:06:30,Spinal stenose og artroser
solveig,,,0:06:36,Problem med korsryggen
Lis,Bett Hals Stuve,,0:06:45,"Har et helt greit liv, men ryggen gir meg småplager bestandig etter tre svangerskap for 30-40 år siden."
Maiken,,,0:06:50,"Fordi jeg stivner i ryggen når jeg står stille - spesielt etter aktivitet, har hatt bekkenlåsning,"
Aina,Haug,,0:06:51,senebetennelse i mange år
Svein,"VO, AMU",,0:07:06,"Vond korsrygg lenge, nå smerter lenger oppe etter dårlig seng i campingvogn"
Irene,,,0:08:21,"75 år/artrose i ryggsøylen, protese i begge hofter, ve  fortsatt plagsom og medt smerter på ve side, ønsker hjelp til selvhjelp 😊"
Inger,,,0:09:43,"Mye vondt i korsrygg og ryggstrekkere, artrose v. hofte m cyster labrum og nervesmerter nedover fremside lår og ned i legg."
marit,,,0:18:20,Veldig viktig for meg
Frida,Kostøl,,0:18:34,👍
kjell,inge,,0:18:55,pip
Frida,Kostøl,,0:19:01,Viktig!
Inger,,,0:19:01,"Å gå tur og sykle er kjempeviktig, nå orker jeg bare korte turer!"
Siri,Fosselie,,0:19:02,viktig!
lisbeth,,,0:19:06,Drømmen
Anne-Britt,Aasberg,,0:19:09,Kjempeviktig😀
Randi,Gabrielsen,,0:19:16,kjempeviktig
lisbeth,,,0:19:24,10
Siri,Fosselie,,0:19:25,10
Frida,Kostøl,,0:19:27,10
marit,,,0:19:28,10
Kathrine,Gram,,0:19:29,Må gjøre øvelser hver morgen for å gå helt oppreist…
Unni,B. Wivestad,,0:19:31,10
Anne-Britt,Aasberg,,0:19:32,10
Gjest,,,0:19:32,10
Aina,Haug,,0:19:36,10
solveig,,,0:19:37,10
Halvor,Nyquist,,0:19:38,Veldig viktig å bli mykere og smidigere : 10
Randi,Gabrielsen,,0:19:40,8
Solbjørg,Eikeset,,0:19:40,10
Torunc,,,0:19:41,10
Bjarne,Berg,,0:19:45,10
Kathrine,Gram,,0:19:45,10
Svein,"VO, AMU",,0:19:50,10
Irene,,,0:19:51,Veldig viktig 🌻
Randi,Gabrielsen,,0:23:03,"Jeg trener med fysioterapeut,  trener alene tre ganger i uka, smertene blir bedre noen timer så kommer stivheten igjen. Vondt etter sitting og , gåing og også etter å ha ligget en natt."
Frida,Kostøl,,0:35:06,Skal du si noe mere om hormoner og evnt. tilskudd?
lisbeth,,,0:42:25,A 40 B10 C40
Frida,Kostøl,,0:42:30,Det var høyest tall som er det msn kjenner mest ikke sant?
Siri,Fosselie,,0:42:31,A58 B46 C56
Jane,,,0:42:33,A20. B25. C37
Marit,,,0:42:36,"A50, B 25, C 62"
Elisabeth,,,0:42:47,A 58 B 36 C 53
Inger,,,0:42:49,45 35 40
Solbjørg,Eikeset,,0:42:56,"A25, B5, C30"
Kristine,,,0:42:58,65 44 52
Halvor,Nyquist,,0:43:00,"A 20, B 44, C 35"
Siw,,,0:43:01,A 50. B 10. C 50
Ann,Tove Berg,,0:43:02,A12 B11 C21
Ola,,,0:43:03,A 45  B 30  C 23
Irene,,,0:43:06,A50 B 52 C 67
marit,,,0:43:07,"A36,B30,C37"
Unni,B. Wivestad,,0:43:07,A28 B24 C 34
Jenny,,,0:43:08,"A35 ,B 10 C60"
Erik,,,0:43:10,50 w28 15
Hanpo,,,0:43:18,80 78 67
Gjest,,,0:43:21,A12.  B3.  C26
Aina,Haug,,0:43:23,"A35 , B16,C27"
Frida,Kostøl,,0:43:23,A 32
Asbjørn,Emil Johansen,,0:43:29,"A = 55, C = 59, C = 62"
Inger,Kristin Leirvik,,0:43:30,A47 B 7 C45
Unni,B. Wivestad,,0:43:45,Min  mann: A10 B30 C17
Randi,Gabrielsen,,0:43:48,38  47  30.  men var tre jeg ikke fikk med meg
Tove,Skjølseth,,0:43:48,A63B38C50
Sissel,Tomt,,0:44:08,Å 18 B 8 C6
Stig,Hanssen,,0:44:12,A 38 B6 C 48
Randi,Gabrielsen,,0:44:51,a 38  b 47  c 30
Aud,,,0:45:09,Aud A20 B29 C52
Gjest,,,0:45:57,Gir mening
Siri,Fosselie,,0:55:19,"Energi, glede"
Ann,Tove Berg,,0:55:27,Må dessverre forlate webinaret
Randi,Gabrielsen,,0:55:55,hadde vært glede og behagelig.
Tove,Skjølseth,,0:55:57,*ro letthet
Gjest,,,0:56:00,Ttrygghet
Frida,Kostøl,,0:56:01,"Energisk, lykke. Det er sånn jeg er og trives med"
Inger,Kristin Leirvik,,0:56:01,Overskudd
Eldbjørg,,,0:56:07,glede og lykke
Inger,,,0:56:12,Frihet
Bjarne,Berg,,0:56:13,Må desverre også forlate webinaret.
Irene,,,0:56:28,"Være i båt, kunne hoppe, kjenne meg sterk og fri 🎊"
Frida,Kostøl,,0:56:38,10
Siri,Fosselie,,0:56:53,10
Ursula,Korpik,,0:57:07,meget interessant men dessverre nå må jeg gå
Irene,,,0:57:08,10
Frida,Kostøl,,0:57:14,Mye
smari,,,0:57:26,Gå på fjellet
Randi,Gabrielsen,,0:57:32,ville gått tur med barnebarnet.
Siri,Fosselie,,0:57:32,helt klart
Frida,Kostøl,,0:57:37,Uten tvil
Irene,,,0:57:42,👍
Tove,Skjølseth,,0:57:48,👍
solveig,,,0:57:50,👍
Inger,Kristin Leirvik,,0:57:51,👍
lisbeth,,,0:57:51,👍
Gjest,,,0:58:03,👍🏻
Elisabeth,,,0:58:10,👍
Randi,Gabrielsen,,0:58:13,tommel opp
Aina,Haug,,0:58:26,👍
Frida,Kostøl,,0:58:49,"Ja, og er allerede i gang"
marit,,,0:58:51,må forlate deg nå !
Randi,Gabrielsen,,1:00:51,"😚 Tenker jeg må bli flinkere med grunnmuren.  Trener allerede tre ganger i uken, pluss hjemme."
Maiken,Lund,,1:11:31,https://www.dinrygghelse.com/sterk-rygg
Frida,Kostøl,,1:12:26,Kan du gjenta det du sa om individuell tilpasning en til en?
Frida,Kostøl,,1:14:47,"Ja, har noen skader er derfor jeg spør 🤪"
Laila,Sjørbotten,,1:14:58,"Hvis jeg ikke kan delta på fellesmøtene,  er videoer tigjengelige i 4 mnd, eller kan man beholde de videre?"
Randi,Gabrielsen,,1:18:49,"Jeg sier takk for meg. Dette er for mye jobb og også for dyrt for meg. Men skal ta tak i ""grunnmuren"" i tillegg til den trening jeg allerede gjør, pluss å tenke på restitusjon.😊"
Laila,Sjørbotten,,1:22:16,"Er det mange øvelser man står på knærne? har vonde knær....Og å reise meg fra gulvet, er det fremdeles aktuelt? Tviler på at jeg kan delta alle torsdagene, mulig å få tilbakemeldinger utenom, øvelsene ser tunge ut styrkemessig? Men ser absolutt bra ut, bare redd jeg er for svak.."
Inger,,,1:28:10,jeg har uttalt artrose i venstre hofte og skal til utredning for oerasjon i slutten av oktober. . Mye nervesmerter gjennom lysken.  Vondt i korsrygg og ryggstrekkereMange øvelser m hofte jeg ikke klarer. kan jeg ha nytte av dette kurset?
Aina,Haug,,1:29:19,"kan jeg drive med annen trening ved siden av eks treningssenter, turer i naturen"
Randi,Gabrielsen,,1:33:07,"Er ""planken"" en del av å styrke grunnmuren?"
Randi,Gabrielsen,,1:35:33,80 her
Åsta,Ramnefjell Bentzen,,1:39:48,Finnes det kurs der en kan være fysisk tilstede?
Maiken,Lund,,1:40:32,https://www.dinrygghelse.com/sterk-rygg
Randi,Gabrielsen,,1:41:38,Men du kan vel ikke se om jeg gjør feil?
Randi,Gabrielsen,,1:43:00,jeg blir jo rettet på av og til underveis av min  fysioterapeut
Gjest,,,1:44:56,"Takk for fin informasjon, og for fine øvelser."
Irene,,,1:45:19,Takk for gode råd. Jeg må avslutte nå.🌻
Kristine,,,1:47:24,Meldte meg akkurat på kurset ditt og da nevnes det oppstart i juli?